{
  "hyperparameters": {
    "T": 400,
    "n_mc": 2500,
    "n_tgrid": 60,
    "n_samples": 45000,
    "n_bins": 180,
    "box": [
      -3.6,
      3.6
    ],
    "grid_res": 7,
    "K": 4000,
    "seed": 0,
    "moments_seed": 11
  },
  "m": 3,
  "names": [
    "grid",
    "blob",
    "ring"
  ],
  "kappa": 0.5777613700268771,
  "Sigmas": [
    [
      [
        0.0,
        0.0,
        0.0
      ],
      [
        0.0,
        9.937506128151794,
        6.624691526129331
      ],
      [
        0.0,
        6.624691526129331,
        72.37618192277422
      ]
    ],
    [
      [
        63.71549757985793,
        0.0,
        20.860109247513204
      ],
      [
        0.0,
        0.0,
        0.0
      ],
      [
        20.860109247513204,
        0.0,
        116.35609425640808
      ]
    ],
    [
      [
        65.17667953121098,
        7.678955815069303,
        0.0
      ],
      [
        7.678955815069303,
        6.831580237715185,
        0.0
      ],
      [
        0.0,
        0.0,
        0.0
      ]
    ]
  ],
  "bs": [
    [
      0.0,
      5.614501924044652,
      4.919943035776232
    ],
    [
      12.042185083478035,
      0.0,
      9.132373003243828
    ],
    [
      13.315712442360807,
      5.02633592860028,
      0.0
    ]
  ],
  "w_star": [
    0.16431650786046811,
    0.633039094076425,
    0.20264439806310686
  ],
  "socp_value": 5.571292690665173,
  "mg_amoo": {
    "w_bar": [
      0.16472615321671558,
      0.6463551104708924,
      0.18891873631239278
    ],
    "final_gap": 0.07458402261090225
  },
  "pamoo": {
    "w_bar": [
      0.16344614830760634,
      0.6346488516631072,
      0.2019050000292845
    ],
    "final_gap": 0.0025649442157664737
  },
  "realized": {
    "grid_argmin": [
      0.42857142857142855,
      0.2857142857142857,
      0.2857142857142857
    ],
    "W_grid": [
      [
        0.0,
        0.0,
        1.0
      ],
      [
        0.0,
        0.14285714285714285,
        0.8571428571428571
      ],
      [
        0.0,
        0.2857142857142857,
        0.7142857142857143
      ],
      [
        0.0,
        0.42857142857142855,
        0.5714285714285714
      ],
      [
        0.0,
        0.5714285714285714,
        0.42857142857142855
      ],
      [
        0.0,
        0.7142857142857143,
        0.2857142857142857
      ],
      [
        0.0,
        0.8571428571428571,
        0.14285714285714285
      ],
      [
        0.0,
        1.0,
        0.0
      ],
      [
        0.14285714285714285,
        0.0,
        0.8571428571428571
      ],
      [
        0.14285714285714285,
        0.14285714285714285,
        0.7142857142857143
      ],
      [
        0.14285714285714285,
        0.2857142857142857,
        0.5714285714285714
      ],
      [
        0.14285714285714285,
        0.42857142857142855,
        0.42857142857142855
      ],
      [
        0.14285714285714285,
        0.5714285714285714,
        0.2857142857142857
      ],
      [
        0.14285714285714285,
        0.7142857142857143,
        0.14285714285714285
      ],
      [
        0.14285714285714285,
        0.8571428571428571,
        0.0
      ],
      [
        0.2857142857142857,
        0.0,
        0.7142857142857143
      ],
      [
        0.2857142857142857,
        0.14285714285714285,
        0.5714285714285714
      ],
      [
        0.2857142857142857,
        0.2857142857142857,
        0.42857142857142855
      ],
      [
        0.2857142857142857,
        0.42857142857142855,
        0.2857142857142857
      ],
      [
        0.2857142857142857,
        0.5714285714285714,
        0.14285714285714285
      ],
      [
        0.2857142857142857,
        0.7142857142857143,
        0.0
      ],
      [
        0.42857142857142855,
        0.0,
        0.5714285714285714
      ],
      [
        0.42857142857142855,
        0.14285714285714285,
        0.42857142857142855
      ],
      [
        0.42857142857142855,
        0.2857142857142857,
        0.2857142857142857
      ],
      [
        0.42857142857142855,
        0.42857142857142855,
        0.14285714285714285
      ],
      [
        0.42857142857142855,
        0.5714285714285714,
        0.0
      ],
      [
        0.5714285714285714,
        0.0,
        0.42857142857142855
      ],
      [
        0.5714285714285714,
        0.14285714285714285,
        0.2857142857142857
      ],
      [
        0.5714285714285714,
        0.2857142857142857,
        0.14285714285714285
      ],
      [
        0.5714285714285714,
        0.42857142857142855,
        0.0
      ],
      [
        0.7142857142857143,
        0.0,
        0.2857142857142857
      ],
      [
        0.7142857142857143,
        0.14285714285714285,
        0.14285714285714285
      ],
      [
        0.7142857142857143,
        0.2857142857142857,
        0.0
      ],
      [
        0.8571428571428571,
        0.0,
        0.14285714285714285
      ],
      [
        0.8571428571428571,
        0.14285714285714285,
        0.0
      ],
      [
        1.0,
        0.0,
        0.0
      ]
    ],
    "worstTV_grid": [
      0.8353054312268979,
      0.8366886357087902,
      0.8473023026240099,
      0.8562607319613815,
      0.8580551209888316,
      0.8404901913779083,
      0.8248732053304815,
      0.8390452920435427,
      0.7933356945108211,
      0.7954654242296045,
      0.8018117050628734,
      0.8021129418969113,
      0.7870040657855533,
      0.7632661120250499,
      0.777734384956208,
      0.7481620284574062,
      0.7433946620787795,
      0.7368745996152277,
      0.7142998486639958,
      0.6900610114471515,
      0.7561826597785051,
      0.7518756299921259,
      0.7033038517592378,
      0.6489530248497708,
      0.6838662604734105,
      0.7390880209567428,
      0.7640694899341646,
      0.7206602931024957,
      0.6987927879454167,
      0.734437848420638,
      0.7812405053108696,
      0.7466364250693067,
      0.755961406235933,
      0.8021606386153304,
      0.7911861747078116,
      0.8313687391830012
    ],
    "worstTV_at_wstar": 0.7617331019951905,
    "worstTV_at_uniform": 0.7002281641260018,
    "worstTV_at_mg": 0.7577561996011981,
    "worstTV_at_pamoo": 0.7602415654443255,
    "worstTV_vertices": [
      0.8291584038017061,
      0.8353955164694856,
      0.8358615946454957
    ]
  },
  "runtime_sec": 673.8447155952454
}