{
  "hyperparameters": {
    "T": 400,
    "n_mc": 2000,
    "n_tgrid": 60,
    "n_samples": 60000,
    "n_bins": 180,
    "box": [
      -3.4,
      3.4
    ],
    "seed": 0,
    "moments_seed": 11,
    "train_steps": 6000,
    "hidden": 128,
    "lr": 0.002
  },
  "moments_learned": {
    "sigma12": 4.263814763834258,
    "sigma21": 2.329401200928777,
    "b12": 3.2913857153927286,
    "b21": 2.8512700121228893,
    "kappa": 0.5777613700268771,
    "alpha_star": 0.607900371835931,
    "alpha_sigma_only": 0.6466972698334026,
    "alpha_b_only": 0.5358245458310784,
    "m12_se": {
      "sigma2_se": 15.321055709222072,
      "b_se": 1.4660236416425427
    },
    "m21_se": {
      "sigma2_se": 4.315395832493638,
      "b_se": 1.2856982304323072
    }
  },
  "alpha_star_learned": 0.607900371835931,
  "hat_alpha_learned": 0.5079,
  "sweep": {
    "alphas": [
      0.0,
      0.0667,
      0.1333,
      0.2,
      0.2667,
      0.3333,
      0.4,
      0.4667,
      0.5,
      0.5079,
      0.5333,
      0.5412,
      0.5746,
      0.6,
      0.6079,
      0.6412,
      0.6667,
      0.6746,
      0.7079,
      0.7333,
      0.8,
      0.8667,
      0.9333,
      1.0
    ],
    "worstTV": [
      0.40815924409146176,
      0.40587130573178654,
      0.39753019848584303,
      0.39160038937630226,
      0.3778881517523734,
      0.37496189879839825,
      0.3675273475332612,
      0.35859223274838836,
      0.3563007153000597,
      0.3514360704813039,
      0.35472632105808005,
      0.3553195156479563,
      0.36070746305467205,
      0.36816539801760706,
      0.35984538618578465,
      0.36824163394992665,
      0.37500205564917344,
      0.3733226847375801,
      0.38118710150656915,
      0.38199483775772247,
      0.3921506232752775,
      0.3999657102930031,
      0.411378779631674,
      0.4252149779512396
    ],
    "TV_happy": [
      0.40815924409146176,
      0.40587130573178654,
      0.39753019848584303,
      0.39160038937630226,
      0.3778881517523734,
      0.37496189879839825,
      0.3675273475332612,
      0.35859223274838836,
      0.3563007153000597,
      0.3514360704813039,
      0.3494208661632134,
      0.34801991219065265,
      0.34485225267031205,
      0.3440549213897047,
      0.3358403870341562,
      0.3337931224417938,
      0.3349943127742327,
      0.3326019164025702,
      0.3286189294316886,
      0.32337356328577843,
      0.3178712785366686,
      0.31000243191686083,
      0.3034784450555477,
      0.309388067468992
    ],
    "TV_sad": [
      0.30885064942861395,
      0.3150994547846855,
      0.3158748184105329,
      0.3192128956884239,
      0.3189372520550736,
      0.3288480820514247,
      0.33767895512717006,
      0.3451582034020993,
      0.35006513620014973,
      0.35021994941307993,
      0.35472632105808005,
      0.3553195156479563,
      0.36070746305467205,
      0.36816539801760706,
      0.35984538618578465,
      0.36824163394992665,
      0.37500205564917344,
      0.3733226847375801,
      0.38118710150656915,
      0.38199483775772247,
      0.3921506232752775,
      0.3999657102930031,
      0.411378779631674,
      0.4252149779512396
    ]
  },
  "runtime_sec": 318.411474943161,
  "analytic_alpha_star": 0.6420717596330123,
  "shift_vs_analytic": -0.03417138779708129
}