{
  "hyperparameters": {
    "T": 400,
    "beta_min": 0.0001,
    "beta_max": 0.02,
    "n_mc": 4000,
    "n_tgrid": 80,
    "n_samples": 120000,
    "n_bins": 180,
    "box": [
      -3.4,
      3.4
    ],
    "seed": 0,
    "moments_seed": 11
  },
  "moments": {
    "sigma12": 2.7689310018484288,
    "sigma21": 1.4894743821228322,
    "b12": 2.475161210619178,
    "b21": 1.4734178190313543,
    "kappa": 0.5777613700268771,
    "alpha_star": 0.6420717596330123,
    "alpha_sigma_only": 0.6502271982537762,
    "alpha_b_only": 0.6268485933883515,
    "m12_se": {
      "sigma2_se": 2.6518143140606663,
      "b_se": 0.6048582562063238
    },
    "m21_se": {
      "sigma2_se": 0.7419701287431468,
      "b_se": 0.3386075965531502
    }
  },
  "alpha_star": 0.6420717596330123,
  "hat_alpha": 0.5921,
  "hat_alpha_excess": 0.5921,
  "alpha_abs_error": 0.04997175963301237,
  "alpha_abs_error_excess": 0.04997175963301237,
  "estimator_floor": {
    "floor_happy": 0.11478021251866044,
    "floor_sad": 0.11354178153927647
  },
  "sweep": {
    "alphas": [
      0.0,
      0.05,
      0.1,
      0.15,
      0.2,
      0.25,
      0.3,
      0.35,
      0.4,
      0.45,
      0.5,
      0.5421,
      0.55,
      0.5671,
      0.5921,
      0.6,
      0.6171,
      0.6421,
      0.65,
      0.6671,
      0.6921,
      0.7,
      0.7171,
      0.7421,
      0.75,
      0.8,
      0.85,
      0.9,
      0.95,
      1.0
    ],
    "worstTV": [
      0.25211005466290404,
      0.24898183951910444,
      0.24359771421376297,
      0.24051204707238164,
      0.23563326609158458,
      0.22979674265571284,
      0.2259024511703967,
      0.2209400166561855,
      0.21542334846858474,
      0.20949149402756356,
      0.20278664650761843,
      0.19535901253181898,
      0.19489241562192663,
      0.1946508079227138,
      0.1899875498848846,
      0.19204569613317207,
      0.19548956327913042,
      0.19814471608546394,
      0.2001017329380707,
      0.20235002079872294,
      0.20738014696679913,
      0.20815411447383214,
      0.2096806581073698,
      0.2134447456637078,
      0.21300029961231237,
      0.22320059672900294,
      0.22969465624593577,
      0.23835375688025484,
      0.2445787702983131,
      0.2512233115609085
    ],
    "TV_happy": [
      0.25211005466290404,
      0.24898183951910444,
      0.24359771421376297,
      0.24051204707238164,
      0.23563326609158458,
      0.22979674265571284,
      0.2259024511703967,
      0.2209400166561855,
      0.21542334846858474,
      0.20949149402756356,
      0.20278664650761843,
      0.19535901253181898,
      0.19489241562192663,
      0.1946508079227138,
      0.18785182344419327,
      0.18902933364787278,
      0.1838853931252902,
      0.1805716471167309,
      0.1807549911721644,
      0.17705067631304722,
      0.17317429456844657,
      0.17096753470060705,
      0.16952783885031697,
      0.16471587922852837,
      0.16144082306601987,
      0.15199174206686553,
      0.14205488265232574,
      0.1313865548248302,
      0.12239911232743408,
      0.11478021251866044
    ],
    "TV_sad": [
      0.11354178153927647,
      0.11632210627139011,
      0.12094486592130846,
      0.12705763749346505,
      0.13228543903650203,
      0.14019389880006067,
      0.14795229071864863,
      0.15323887958243373,
      0.16104315075387887,
      0.16916431197889786,
      0.17625647952944903,
      0.18265952651611403,
      0.1843805566016712,
      0.18809916180325337,
      0.1899875498848846,
      0.19204569613317207,
      0.19548956327913042,
      0.19814471608546394,
      0.2001017329380707,
      0.20235002079872294,
      0.20738014696679913,
      0.20815411447383214,
      0.2096806581073698,
      0.2134447456637078,
      0.21300029961231237,
      0.22320059672900294,
      0.22969465624593577,
      0.23835375688025484,
      0.2445787702983131,
      0.2512233115609085
    ],
    "excess_worstTV": [
      0.1373298421442436,
      0.134201627000444,
      0.12881750169510253,
      0.1257318345537212,
      0.12085305357292414,
      0.1150165301370524,
      0.11112223865173626,
      0.10615980413752507,
      0.1006431359499243,
      0.09471128150890312,
      0.088006433988958,
      0.08057880001315854,
      0.0801122031032662,
      0.07987059540405336,
      0.07644576834560812,
      0.07850391459389561,
      0.08194778173985395,
      0.08460293454618747,
      0.08655995139879424,
      0.08880823925944648,
      0.09383836542752266,
      0.09461233293455568,
      0.09613887656809333,
      0.09990296412443134,
      0.0994585180730359,
      0.10965881518972648,
      0.1161528747066593,
      0.12481197534097838,
      0.13103698875903663,
      0.13768153002163203
    ]
  },
  "baselines_worstTV": {
    "single_sad (alpha=0)": 0.25211005466290404,
    "single_happy (alpha=1)": 0.2512233115609085,
    "uniform (alpha=0.5)": 0.20278664650761843,
    "closed-form (alpha*)": 0.19814171678587758,
    "empirical (hat_alpha)": 0.1899875498848846
  },
  "runtime_sec": 4154.475996732712
}